Team,,
76ers,,
Bucks,"Brook Lopez, Robin Lopez",
Bulls,,
Cavaliers,"Kevin Love, Kevin Porter",
Celtics,"Brad Wanamaker, Brad Stevens","Grant Williams, Robert Williams"
Clippers,"Patrick Patterson, Patrick Bradley",
Grizzlies,,
Hawks,"Deandre Hunter, Deandre Bembry",
Heat,,
Hornets,,
Jazz,,
Kings,,
Knicks,,
Lakers,,
Magic,"Mo Bamba, John Hammond",
Mavericks,,
Nets,,
Nuggets,,
Pacers,"Tj McConnell, Tj Leaf","Justin Holiday, Aaron Holiday"
Pelicans,,
Pistons,"Jordan Bone, Jordan McRae",
Raptors,,
Rockets,,
Spurs,,
Suns,,
Thunder,,
Timberwolves,,
Blazers,,
Warriors,,
Wizards,,
